<?xml version="1.0" encoding="utf-8" standalone="yes"?>
<rss version="2.0" xmlns:atom="http://www.w3.org/2005/Atom">
  <channel>
    <title>Tags on My Personal Blog</title>
    <link>http://localhost:8080/tags/</link>
    <description>Recent content in Tags on My Personal Blog</description>
    <generator>Hugo -- gohugo.io</generator>
    <language>en</language>
    <managingEditor>hello@myname.com (My Name)</managingEditor>
    <webMaster>hello@myname.com (My Name)</webMaster>
    <copyright>© 2024 My Name</copyright>
    <lastBuildDate>Wed, 06 Nov 2024 10:10:00 +0000</lastBuildDate><atom:link href="http://localhost:8080/tags/index.xml" rel="self" type="application/rss+xml" />
    <item>
      <title>Blowfish</title>
      <link>http://localhost:8080/tags/blowfish/</link>
      <pubDate>Wed, 06 Nov 2024 10:10:00 +0000</pubDate>
      <author>hello@myname.com (My Name)</author>
      <guid>http://localhost:8080/tags/blowfish/</guid>
      <description></description>
      
    </item>
    
    <item>
      <title>Hugo</title>
      <link>http://localhost:8080/tags/hugo/</link>
      <pubDate>Wed, 06 Nov 2024 10:10:00 +0000</pubDate>
      <author>hello@myname.com (My Name)</author>
      <guid>http://localhost:8080/tags/hugo/</guid>
      <description></description>
      
    </item>
    
  </channel>
</rss>
