<?xml version="1.0" encoding="utf-8" standalone="yes"?>
<rss version="2.0" xmlns:atom="http://www.w3.org/2005/Atom">
  <channel>
    <title>Blowfish on My Personal Blog</title>
    <link>http://localhost:8080/tags/blowfish/</link>
    <description>Recent content in Blowfish on My Personal Blog</description>
    <generator>Hugo -- gohugo.io</generator>
    <language>en</language>
    <managingEditor>hello@myname.com (My Name)</managingEditor>
    <webMaster>hello@myname.com (My Name)</webMaster>
    <copyright>© 2024 My Name</copyright>
    <lastBuildDate>Wed, 06 Nov 2024 10:10:00 +0000</lastBuildDate><atom:link href="http://localhost:8080/tags/blowfish/index.xml" rel="self" type="application/rss+xml" />
    <item>
      <title>My First Post</title>
      <link>http://localhost:8080/posts/my-first-post/</link>
      <pubDate>Wed, 06 Nov 2024 10:10:00 +0000</pubDate>
      <author>hello@myname.com (My Name)</author>
      <guid>http://localhost:8080/posts/my-first-post/</guid>
      <description></description>
      <media:content xmlns:media="http://search.yahoo.com/mrss/" url="http://localhost:8080/posts/my-first-post/featured.jpg" />
    </item>
    
  </channel>
</rss>
