
[{"content":"","date":"6 November 2024","externalUrl":null,"permalink":"/tags/blowfish/","section":"Tags","summary":"","title":"Blowfish","type":"tags"},{"content":"","date":"6 November 2024","externalUrl":null,"permalink":"/tags/hugo/","section":"Tags","summary":"","title":"Hugo","type":"tags"},{"content":" Apertas nec # Lorem markdownum tamen sibi terrae Danais, fecit tamen, deo omnipotens et, quid. Et quae materna si undas, et omnia pastoria dominae in dextra. In classis, putat illa pectore, constitit exspiravit secunda? Nigraque quod secures diemque reponit furtique de dignas ossa quam miserata. Rigebant thalamos Orphea ferant sonabunt me resoluto essem est harenae ego, ora coronas conexa.\n","date":"6 November 2024","externalUrl":null,"permalink":"/posts/my-first-post/","section":"Posts","summary":"","title":"My First Post","type":"posts"},{"content":"","date":"6 November 2024","externalUrl":null,"permalink":"/","section":"My Personal Blog","summary":"","title":"My Personal Blog","type":"page"},{"content":"","date":"6 November 2024","externalUrl":null,"permalink":"/posts/","section":"Posts","summary":"","title":"Posts","type":"posts"},{"content":"","date":"6 November 2024","externalUrl":null,"permalink":"/tags/","section":"Tags","summary":"","title":"Tags","type":"tags"},{"content":"","externalUrl":null,"permalink":"/authors/","section":"Authors","summary":"","title":"Authors","type":"authors"},{"content":"","externalUrl":null,"permalink":"/categories/","section":"Categories","summary":"","title":"Categories","type":"categories"},{"content":"","externalUrl":null,"permalink":"/series/","section":"Series","summary":"","title":"Series","type":"series"}]