<?xml version="1.0" encoding="utf-8" standalone="yes"?>
<rss version="2.0" xmlns:atom="http://www.w3.org/2005/Atom">
  <channel>
    <title>Series on My Personal Blog</title>
    <link>http://localhost:8080/series/</link>
    <description>Recent content in Series on My Personal Blog</description>
    <generator>Hugo -- gohugo.io</generator>
    <language>en</language>
    <managingEditor>hello@myname.com (My Name)</managingEditor>
    <webMaster>hello@myname.com (My Name)</webMaster>
    <copyright>© 2024 My Name</copyright>
    <atom:link href="http://localhost:8080/series/index.xml" rel="self" type="application/rss+xml" />
  </channel>
</rss>
